time,open,high,low,close,volume,spread
2025-05-22 08:00:00,0.89308,0.89308,0.89275,0.89281,289,29
